timestamp,datetime,total_power_w,total_gpu_power_w,total_cpu_power_w,cpu_utilization_pct,num_active_gpus,num_processes
1774883426.6529574,2026-03-30T17:10:26.652957,87.2660625,54.93,32.3360625,1.1375,0,1
1774883429.924278,2026-03-30T17:10:29.924278,133.3675,101.08,32.2875,1.0714285714285714,0,1
1774883431.36524,2026-03-30T17:10:31.365240,134.397375,101.64,32.757375,1.7107142857142856,0,1
1774883432.8115656,2026-03-30T17:10:32.811566,134.233125,101.46000000000001,32.773125,1.7321428571428572,0,1
1774883434.5923064,2026-03-30T17:10:34.592306,135.181625,100.76,34.421625,3.975,0,1
1774883436.1781738,2026-03-30T17:10:36.178174,136.90375,101.44,35.46375,5.392857142857143,0,1
1774883438.143002,2026-03-30T17:10:38.143002,136.85950000000003,100.96000000000001,35.8995,5.985714285714286,0,1
1774883440.4314559,2026-03-30T17:10:40.431456,138.88925,104.57000000000001,34.31925,3.835714285714286,0,1
1774883441.9606125,2026-03-30T17:10:41.960613,138.937875,102.6,36.337875,6.582142857142857,0,1
1774883443.7901077,2026-03-30T17:10:43.790108,135.9960625,102.61,33.3860625,2.5660714285714286,0,1
1774883445.314259,2026-03-30T17:10:45.314259,137.1745,102.00999999999999,35.1645,4.985714285714286,0,1
1774883447.119986,2026-03-30T17:10:47.119986,137.347875,102.89999999999999,34.447874999999996,4.010714285714285,0,1
1774883448.7289987,2026-03-30T17:10:48.728999,138.34875,101.94,36.40875,6.678571428571429,0,1
1774883450.5518057,2026-03-30T17:10:50.551806,136.5875625,102.53999999999999,34.0475625,3.4660714285714285,0,1
1774883452.0989664,2026-03-30T17:10:52.098966,137.287,101.23,36.057,6.2,1,1
1774883453.9999998,2026-03-30T17:10:54,136.0761875,102.32,33.7561875,3.069642857142857,0,1
1774883455.5435348,2026-03-30T17:10:55.543535,138.6423125,102.5,36.1423125,6.316071428571428,0,1
1774883457.4431536,2026-03-30T17:10:57.443154,135.8546875,101.92,33.9346875,3.3125,0,1
1774883459.0033183,2026-03-30T17:10:59.003318,137.1175625,102.02,35.0975625,4.894642857142857,0,1
1774883460.8483071,2026-03-30T17:11:00.848307,136.3699375,102.22,34.1499375,3.605357142857143,0,1
1774883462.3823726,2026-03-30T17:11:02.382373,138.3766875,102.51,35.8666875,5.941071428571428,0,1
1774883464.2513473,2026-03-30T17:11:04.251347,136.28775000000002,102.42,33.86775,3.2214285714285715,0,1
1774883465.8010187,2026-03-30T17:11:05.801019,137.8210625,101.81,36.0110625,6.1375,0,1
1774883467.6457858,2026-03-30T17:11:07.645786,136.5633125,102.71,33.8533125,3.2017857142857147,0,1
1774883469.1876483,2026-03-30T17:11:09.187648,137.8994375,102.71000000000001,35.1894375,5.019642857142857,0,1
1774883471.0564945,2026-03-30T17:11:11.056494,136.18562500000002,102.31,33.875625,3.232142857142857,0,1
1774883472.5835373,2026-03-30T17:11:12.583537,140.747,104.27,36.477000000000004,6.771428571428571,0,1
1774883474.41936,2026-03-30T17:11:14.419360,135.6809375,101.72,33.9609375,3.3482142857142856,0,1
1774883475.9810073,2026-03-30T17:11:15.981007,137.6380625,102.11,35.5280625,5.480357142857143,0,1
1774883477.8746717,2026-03-30T17:11:17.874672,136.0809375,102.12,33.9609375,3.3482142857142856,0,1
1774883479.4656122,2026-03-30T17:11:19.465612,138.5504375,102.5,36.0504375,6.191071428571428,0,1
1774883481.3384404,2026-03-30T17:11:21.338440,135.2804375,101.54,33.7404375,3.0482142857142853,0,1
1774883482.8697777,2026-03-30T17:11:22.869778,137.9925,102.03,35.9625,6.071428571428571,0,1
1774883484.6560447,2026-03-30T17:11:24.656045,136.2723125,102.23,34.0423125,3.4589285714285714,0,1
1774883486.2245052,2026-03-30T17:11:26.224505,137.849125,102.42999999999999,35.419125,5.332142857142857,0,1
1774883488.1043105,2026-03-30T17:11:28.104311,136.0420625,102.32,33.7220625,3.023214285714286,0,1
1774883489.6697376,2026-03-30T17:11:29.669738,139.7218125,103.59,36.1318125,6.301785714285714,0,1
1774883491.5409544,2026-03-30T17:11:31.540954,136.995125,102.71,34.285125,3.789285714285714,0,1
1774883493.0922196,2026-03-30T17:11:33.092220,137.49768749999998,101.82,35.6776875,5.683928571428572,0,1
1774883494.8654745,2026-03-30T17:11:34.865474,135.94400000000002,101.84,34.104,3.542857142857143,0,1
1774883496.4360065,2026-03-30T17:11:36.436007,136.3765,102.22,34.1565,3.6142857142857143,0,1
1774883498.226268,2026-03-30T17:11:38.226268,136.8956875,102.31,34.5856875,4.198214285714285,0,1
1774883499.7873726,2026-03-30T17:11:39.787373,138.0210625,102.00999999999999,36.0110625,6.1375,1,1
1774883501.6616857,2026-03-30T17:11:41.661686,137.17756250000002,102.71000000000001,34.4675625,4.0375,0,1
1774883503.2043438,2026-03-30T17:11:43.204344,139.0306875,103.08,35.9506875,6.055357142857143,1,1
1774883505.0187073,2026-03-30T17:11:45.018707,136.794125,102.32,34.474125,4.046428571428572,0,1
1774883506.6358974,2026-03-30T17:11:46.635897,137.75125,101.92,35.83125,5.892857142857143,0,1
1774883508.419116,2026-03-30T17:11:48.419116,136.66568750000002,102.71000000000001,33.9556875,3.3410714285714285,0,1
1774883509.849131,2026-03-30T17:11:49.849131,137.64212500000002,101.32000000000001,36.322125,6.560714285714286,0,1
1774883511.7487772,2026-03-30T17:11:51.748777,136.7559375,102.89999999999999,33.8559375,3.205357142857143,0,1
1774883513.2385714,2026-03-30T17:11:53.238571,139.2754375,102.7,36.5754375,6.9053571428571425,1,1
1774883515.088715,2026-03-30T17:11:55.088715,135.3969375,101.73,33.6669375,2.9482142857142857,0,1
1774883516.6295276,2026-03-30T17:11:56.629528,138.286875,102.39,35.896875,5.982142857142857,0,1
1774883518.4332705,2026-03-30T17:11:58.433270,136.28481250000002,102.4,33.8848125,3.244642857142857,0,1
1774883519.9818444,2026-03-30T17:11:59.981844,137.733625,102.22,35.513625,5.460714285714286,0,1
1774883521.9370165,2026-03-30T17:12:01.937016,136.20800000000003,102.02000000000001,34.188,3.6571428571428575,0,1
1774883523.4736505,2026-03-30T17:12:03.473650,137.963,102.41,35.553,5.514285714285714,0,1
1774883525.3030791,2026-03-30T17:12:05.303079,135.5615,101.72,33.8415,3.185714285714286,0,1
1774883526.876277,2026-03-30T17:12:06.876277,137.9295,101.82,36.1095,6.271428571428571,0,1
1774883528.7508812,2026-03-30T17:12:08.750881,136.63706249999998,102.6,34.0370625,3.4517857142857147,0,1
1774883530.330198,2026-03-30T17:12:10.330198,137.25456250000002,102.01,35.2445625,5.0946428571428575,0,1
1774883532.2568288,2026-03-30T17:12:12.256829,137.1698125,103.39,33.7798125,3.101785714285714,0,1
1774883533.7996254,2026-03-30T17:12:13.799625,138.248625,102.21,36.038624999999996,6.175,1,1
1774883535.668294,2026-03-30T17:12:15.668294,136.5959375,102.32,34.2759375,3.7767857142857144,0,1
1774883537.228006,2026-03-30T17:12:17.228006,137.6766875,101.81,35.8666875,5.941071428571428,0,1
1774883539.0759573,2026-03-30T17:12:19.075957,136.43181249999998,102.39999999999999,34.0318125,3.444642857142857,0,1
1774883540.6179326,2026-03-30T17:12:20.617933,138.188125,103.0,35.188125,5.017857142857143,0,1
1774883542.5034883,2026-03-30T17:12:22.503488,135.94162500000002,102.15,33.791625,3.117857142857143,0,1
1774883544.021536,2026-03-30T17:12:24.021536,138.2514375,102.39,35.8614375,5.933928571428572,1,1
1774883545.8621051,2026-03-30T17:12:25.862105,137.1149375,103.28,33.8349375,3.1767857142857143,0,1
1774883547.40691,2026-03-30T17:12:27.406910,138.217125,102.21,36.007125,6.132142857142857,0,1
1774883549.2870364,2026-03-30T17:12:29.287036,136.017875,102.41,33.607875,2.867857142857143,0,1
1774883550.8264234,2026-03-30T17:12:30.826423,138.3374375,102.56,35.7774375,5.819642857142857,0,1
1774883552.6546106,2026-03-30T17:12:32.654611,136.55,102.11,34.44,4.0,0,1
1774883554.2351563,2026-03-30T17:12:34.235156,137.83350000000002,102.48,35.3535,5.242857142857143,0,1
1774883556.0457263,2026-03-30T17:12:36.045726,135.77131250000002,101.54,34.2313125,3.7160714285714285,0,1
1774883557.6209219,2026-03-30T17:12:37.620922,141.13262500000002,104.17,36.962625,7.432142857142857,0,1
1774883559.4620416,2026-03-30T17:12:39.462042,135.5675,102.02,33.5475,2.7857142857142856,0,1
1774883561.0357761,2026-03-30T17:12:41.035776,138.151,102.22,35.931,6.028571428571429,0,1
1774883562.8807008,2026-03-30T17:12:42.880701,137.3601875,102.89,34.4701875,4.041071428571429,0,1
1774883564.4385772,2026-03-30T17:12:44.438577,140.05337500000002,103.39,36.663375,7.0249999999999995,1,1
1774883566.2572222,2026-03-30T17:12:46.257222,136.4959375,102.22,34.2759375,3.7767857142857144,0,1
1774883567.807337,2026-03-30T17:12:47.807337,139.03775,103.49,35.54775,5.507142857142858,1,1
1774883569.7040331,2026-03-30T17:12:49.704033,137.347875,102.9,34.447874999999996,4.010714285714285,0,1
1774883571.1925097,2026-03-30T17:12:51.192510,137.2285,101.98,35.2485,5.1000000000000005,0,1
1774883573.0227675,2026-03-30T17:12:53.022768,136.04706249999998,102.22,33.8270625,3.1660714285714286,0,1
1774883574.5805218,2026-03-30T17:12:54.580522,139.209375,103.25999999999999,35.949375,6.053571428571429,1,1
1774883576.4326277,2026-03-30T17:12:56.432628,135.985375,102.01,33.975375,3.367857142857143,0,1
1774883577.9308465,2026-03-30T17:12:57.930846,137.20237500000002,101.61,35.592375000000004,5.567857142857143,1,1
1774883579.7901514,2026-03-30T17:12:59.790151,137.6525,103.58,34.0725,3.5,0,1
1774883581.2863586,2026-03-30T17:13:01.286359,138.3219375,101.82,36.5019375,6.805357142857143,0,1
1774883583.1522217,2026-03-30T17:13:03.152222,135.9985625,101.93,34.0685625,3.494642857142857,0,1
1774883584.6875868,2026-03-30T17:13:04.687587,137.6004375,102.60000000000001,35.0004375,4.7625,1,1
1774883586.453926,2026-03-30T17:13:06.453926,135.990375,101.91,34.080375000000004,3.5107142857142857,0,1
1774883588.0178974,2026-03-30T17:13:08.017897,136.317125,102.2,34.117125,3.560714285714286,0,1
1774883589.7537498,2026-03-30T17:13:09.753750,139.83975,104.25,35.58975,5.564285714285715,0,1
1774883592.1466694,2026-03-30T17:13:12.146669,137.007875,102.56,34.447874999999996,4.010714285714285,0,1
1774883593.7681582,2026-03-30T17:13:13.768158,138.7469375,102.77,35.9769375,6.091071428571429,0,1
1774883595.6690643,2026-03-30T17:13:15.669064,137.59981249999998,103.19,34.4098125,3.9589285714285714,0,1
1774883597.2006338,2026-03-30T17:13:17.200634,138.2629375,103.0,35.2629375,5.119642857142857,0,1
1774883599.0900745,2026-03-30T17:13:19.090075,136.4384375,102.32,34.1184375,3.5625,0,1
1774883600.654961,2026-03-30T17:13:20.654961,137.8056875,102.59,35.2156875,5.055357142857143,0,1
1774883602.5021813,2026-03-30T17:13:22.502181,136.57025,102.02,34.55025,4.15,0,1
1774883604.10549,2026-03-30T17:13:24.105490,138.1761875,102.11,36.0661875,6.2124999999999995,0,1
1774883605.9792583,2026-03-30T17:13:25.979258,136.5405,102.50999999999999,34.0305,3.442857142857143,0,1
1774883607.5262833,2026-03-30T17:13:27.526283,137.3961875,102.17,35.2261875,5.069642857142857,0,1
1774883609.3474796,2026-03-30T17:13:29.347480,137.5875625,102.91,34.6775625,4.323214285714285,0,1
1774883610.923333,2026-03-30T17:13:30.923333,137.5859375,102.47,35.1159375,4.919642857142857,0,1
1774883612.7389493,2026-03-30T17:13:32.738949,137.2284375,102.9,34.3284375,3.8482142857142856,0,1
1774883614.2906246,2026-03-30T17:13:34.290625,137.2154375,101.9,35.3154375,5.191071428571428,0,1
1774883616.1245844,2026-03-30T17:13:36.124584,135.79818749999998,102.21,33.588187500000004,2.8410714285714285,0,1
1774883617.673029,2026-03-30T17:13:37.673029,139.087875,102.12,36.967875,7.439285714285715,1,1
1774883619.4820213,2026-03-30T17:13:39.482021,136.080375,102.21,33.870375,3.225,0,1
1774883621.0091176,2026-03-30T17:13:41.009118,138.8943125,102.5,36.3943125,6.658928571428571,1,1
1774883622.8573446,2026-03-30T17:13:42.857345,137.42706249999998,103.17999999999999,34.2470625,3.7375000000000003,0,1
1774883624.4162629,2026-03-30T17:13:44.416263,137.995,102.4,35.595,5.571428571428571,0,1
1774883626.2671087,2026-03-30T17:13:46.267109,136.374625,102.31,34.064625,3.4892857142857143,0,1
1774883627.800835,2026-03-30T17:13:47.800835,138.0669375,102.3,35.7669375,5.805357142857143,0,1
1774883629.7295797,2026-03-30T17:13:49.729580,135.817625,102.11,33.707625,3.0035714285714286,0,1
1774883631.269179,2026-03-30T17:13:51.269179,137.34175,101.71,35.63175,5.621428571428572,1,1
1774883633.0757017,2026-03-30T17:13:53.075702,135.79931249999998,102.03,33.7693125,3.0875,0,1
1774883634.621193,2026-03-30T17:13:54.621193,138.748625,102.71,36.038624999999996,6.175,1,1
1774883636.4828055,2026-03-30T17:13:56.482805,135.844,101.74,34.104,3.542857142857143,0,1
1774883638.0304277,2026-03-30T17:13:58.030428,139.3325625,103.28999999999999,36.0425625,6.180357142857143,0,1
1774883639.900073,2026-03-30T17:13:59.900073,136.1763125,102.05,34.1263125,3.5732142857142857,0,1
1774883641.4376578,2026-03-30T17:14:01.437658,138.2879375,102.5,35.7879375,5.833928571428571,0,1
1774883643.3010595,2026-03-30T17:14:03.301059,136.1714375,102.41,33.7614375,3.0767857142857147,0,1
1774883644.8891368,2026-03-30T17:14:04.889137,138.887875,103.60000000000001,35.287875,5.153571428571429,0,1
1774883646.7193124,2026-03-30T17:14:06.719312,135.8556875,102.11,33.7456875,3.055357142857143,0,1
1774883648.2719276,2026-03-30T17:14:08.271928,137.9670625,103.3,34.6670625,4.308928571428572,0,1
1774883650.128145,2026-03-30T17:14:10.128145,136.746875,102.32,34.426875,3.982142857142857,0,1
1774883651.736531,2026-03-30T17:14:11.736531,139.3505,102.8,36.5505,6.871428571428572,0,1
1774883653.6337492,2026-03-30T17:14:13.633749,135.9925,101.92,34.0725,3.5,0,1
1774883655.1747906,2026-03-30T17:14:15.174791,138.08249999999998,101.91,36.1725,6.357142857142857,1,1
1774883656.9936442,2026-03-30T17:14:16.993644,137.4310625,103.31,34.1210625,3.5660714285714286,0,1
1774883658.5014844,2026-03-30T17:14:18.501484,137.7948125,101.81,35.9848125,6.101785714285714,0,1
1774883660.3748045,2026-03-30T17:14:20.374804,136.8518125,102.4,34.4518125,4.016071428571428,0,1
1774883661.9160964,2026-03-30T17:14:21.916096,139.69706250000002,103.98,35.7170625,5.7375,0,1
1774883663.7611127,2026-03-30T17:14:23.761113,138.6511875,104.16,34.4911875,4.069642857142857,0,1
1774883665.3344457,2026-03-30T17:14:25.334446,138.3271875,101.61,36.7171875,7.098214285714286,0,1
1774883667.143694,2026-03-30T17:14:27.143694,135.1936875,101.7,33.4936875,2.7125,0,1
1774883668.710428,2026-03-30T17:14:28.710428,137.5281875,101.84,35.6881875,5.698214285714286,0,1
1774883670.6362195,2026-03-30T17:14:30.636220,138.3345,102.12,36.2145,6.414285714285714,0,1
1774883673.0113683,2026-03-30T17:14:33.011368,136.042625,102.02,34.022625,3.432142857142857,0,1
1774883674.5532033,2026-03-30T17:14:34.553203,137.98587500000002,102.32000000000001,35.665875,5.667857142857143,0,1
1774883676.354363,2026-03-30T17:14:36.354363,136.31456250000002,102.12,34.1945625,3.6660714285714286,0,1
1774883677.923341,2026-03-30T17:14:37.923341,142.0606875,106.53,35.5306875,5.483928571428572,0,1
1774883679.731712,2026-03-30T17:14:39.731712,136.637875,102.39999999999999,34.237875,3.725,0,1
1774883681.3073587,2026-03-30T17:14:41.307359,137.2168125,101.61,35.6068125,5.5874999999999995,1,1
1774883683.1203103,2026-03-30T17:14:43.120310,135.6556875,102.12,33.5356875,2.769642857142857,0,1
1774883684.6439059,2026-03-30T17:14:44.643906,137.9360625,103.08,34.8560625,4.566071428571428,1,1
1774883686.3977935,2026-03-30T17:14:46.397794,136.65887500000002,102.4,34.258875,3.7535714285714286,0,1
1774883687.9999862,2026-03-30T17:14:47.999986,140.35081250000002,104.87,35.4808125,5.416071428571429,0,1
1774883689.816712,2026-03-30T17:14:49.816712,137.5395,103.11,34.4295,3.9857142857142853,0,1
1774883691.4103184,2026-03-30T17:14:51.410318,138.11625,102.81,35.30625,5.178571428571429,0,1
1774883693.2772856,2026-03-30T17:14:53.277286,136.3009375,101.92,34.3809375,3.919642857142857,0,1
1774883694.856198,2026-03-30T17:14:54.856198,139.13575,103.21000000000001,35.92575,6.021428571428571,1,1
1774883696.6838853,2026-03-30T17:14:56.683885,136.2421875,102.15,34.0921875,3.5267857142857144,0,1
1774883698.264726,2026-03-30T17:14:58.264726,137.9514375,102.50999999999999,35.4414375,5.3625,0,1
1774883700.0879908,2026-03-30T17:15:00.087991,136.4765,102.53,33.9465,3.3285714285714287,0,1
1774883701.6186564,2026-03-30T17:15:01.618656,138.04306250000002,102.62,35.4230625,5.3374999999999995,0,1
1774883703.4756763,2026-03-30T17:15:03.475676,136.14993750000002,102.21000000000001,33.9399375,3.319642857142857,0,1
1774883705.0501444,2026-03-30T17:15:05.050144,137.761625,102.71000000000001,35.051625,4.832142857142857,0,1
1774883706.953232,2026-03-30T17:15:06.953232,139.95999999999998,105.94,34.019999999999996,3.4285714285714284,0,1
1774883708.5085795,2026-03-30T17:15:08.508579,138.7288125,103.5,35.228812500000004,5.073214285714286,0,1
1774883710.282978,2026-03-30T17:15:10.282978,136.0615,102.22,33.8415,3.185714285714286,0,1
1774883711.8267095,2026-03-30T17:15:11.826710,140.054,104.27,35.784,5.828571428571428,0,1
1774883713.5981574,2026-03-30T17:15:13.598157,136.30056249999998,102.39999999999999,33.9005625,3.2660714285714287,0,1
1774883715.2311466,2026-03-30T17:15:15.231147,137.8306875,102.51,35.3206875,5.198214285714286,0,1
1774883717.1247606,2026-03-30T17:15:17.124761,136.3783125,102.42,33.9583125,3.3446428571428575,0,1
1774883718.7028985,2026-03-30T17:15:18.702899,137.5735,102.01,35.5635,5.528571428571429,0,1
1774883720.6355293,2026-03-30T17:15:20.635529,136.458125,102.32,34.138125,3.5892857142857144,0,1
1774883722.1678808,2026-03-30T17:15:22.167881,138.038375,102.32000000000001,35.718375,5.739285714285714,0,1
1774883724.0037186,2026-03-30T17:15:24.003719,138.1108125,103.89,34.2208125,3.701785714285714,0,1
1774883725.589741,2026-03-30T17:15:25.589741,138.233875,102.61,35.623875,5.610714285714286,0,1
1774883727.452668,2026-03-30T17:15:27.452668,136.2349375,102.39999999999999,33.8349375,3.1767857142857143,0,1
1774883729.0700126,2026-03-30T17:15:29.070013,139.209875,103.88,35.329875,5.210714285714286,0,1
1774883730.8518956,2026-03-30T17:15:30.851896,135.9799375,101.83,34.1499375,3.605357142857143,0,1
1774883732.4282985,2026-03-30T17:15:32.428298,137.70374999999999,102.24,35.46375,5.392857142857143,0,1
1774883734.3256152,2026-03-30T17:15:34.325615,136.0948125,102.0,34.0948125,3.5303571428571425,0,1
1774883735.9260578,2026-03-30T17:15:35.926058,139.22075,103.19,36.03075,6.164285714285714,1,1
1774883737.7085652,2026-03-30T17:15:37.708565,135.9744375,101.94,34.0344375,3.4482142857142857,0,1
1774883739.2757926,2026-03-30T17:15:39.275793,136.011375,102.12,33.891375,3.2535714285714286,0,1
1774883740.815178,2026-03-30T17:15:40.815178,136.95568749999998,102.78999999999999,34.1656875,3.626785714285714,0,1
1774883742.519621,2026-03-30T17:15:42.519621,136.8884375,101.92999999999999,34.9584375,4.705357142857143,0,1
1774883744.4322374,2026-03-30T17:15:44.432237,137.077,102.7,34.377,3.914285714285714,0,1
1774883746.0008996,2026-03-30T17:15:46.000900,137.5724375,102.32000000000001,35.2524375,5.105357142857143,0,1
1774883748.1434598,2026-03-30T17:15:48.143460,137.305,103.17999999999999,34.125,3.5714285714285716,0,1
1774883749.5450337,2026-03-30T17:15:49.545034,136.81937499999998,101.71,35.109375,4.910714285714286,0,1
1774883751.1740222,2026-03-30T17:15:51.174022,137.1111875,102.41,34.7011875,4.355357142857143,0,1
1774883752.8937082,2026-03-30T17:15:52.893708,139.70606249999997,104.00999999999999,35.6960625,5.708928571428571,0,1
1774883754.564042,2026-03-30T17:15:54.564042,138.6361875,104.46,34.1761875,3.6410714285714287,0,1
1774883756.0799599,2026-03-30T17:15:56.079960,138.1671875,102.71,35.4571875,5.383928571428571,0,1
1774883757.9275315,2026-03-30T17:15:57.927531,138.09925,103.57000000000001,34.52925,4.121428571428572,0,1
1774883759.501493,2026-03-30T17:15:59.501493,138.3483125,102.5,35.8483125,5.916071428571429,1,1
1774883761.383353,2026-03-30T17:16:01.383353,136.44025,102.31,34.130250000000004,3.5785714285714287,0,1
1774883762.8706229,2026-03-30T17:16:02.870623,137.52224999999999,102.3,35.22225,5.064285714285715,1,1
1774883764.6496391,2026-03-30T17:16:04.649639,136.1565625,101.92,34.2365625,3.7232142857142856,0,1
1774883766.156992,2026-03-30T17:16:06.156992,139.40025,103.59,35.810249999999996,5.864285714285714,0,1
1774883767.986221,2026-03-30T17:16:07.986221,137.0086875,103.2,33.8086875,3.1410714285714287,0,1
1774883769.5226152,2026-03-30T17:16:09.522615,138.53025,102.51,36.02025,6.1499999999999995,0,1
1774883771.3501124,2026-03-30T17:16:11.350112,135.967875,101.73,34.237875,3.725,0,1
1774883772.9528716,2026-03-30T17:16:12.952872,139.7601875,102.98,36.7801875,7.183928571428572,1,1
1774883774.8325365,2026-03-30T17:16:14.832536,135.67956249999997,102.00999999999999,33.6695625,2.9517857142857147,0,1
1774883776.3687496,2026-03-30T17:16:16.368750,137.6996875,102.4,35.2996875,5.169642857142857,0,1
1774883778.2677443,2026-03-30T17:16:18.267744,136.517375,102.71,33.807375,3.1392857142857147,0,1
1774883779.8172994,2026-03-30T17:16:19.817299,136.831375,100.84,35.991375,6.110714285714286,1,1
1774883781.6839519,2026-03-30T17:16:21.683952,135.7714375,102.22,33.5514375,2.7910714285714286,0,1
1774883783.2118738,2026-03-30T17:16:23.211874,137.48525,102.2,35.28525,5.1499999999999995,0,1
1774883785.0700307,2026-03-30T17:16:25.070031,136.13818750000002,102.13000000000001,34.0081875,3.4125,0,1
1774883786.622251,2026-03-30T17:16:26.622251,138.971375,104.66,34.311375,3.825,0,1
1774883788.4322908,2026-03-30T17:16:28.432291,138.20875,102.22,35.988749999999996,6.107142857142857,0,1
1774883790.8085814,2026-03-30T17:16:30.808581,137.045875,102.64,34.405875,3.9535714285714287,0,1
1774883792.3583531,2026-03-30T17:16:32.358353,138.2614375,102.4,35.8614375,5.933928571428572,0,1
1774883794.2301543,2026-03-30T17:16:34.230154,136.78331250000002,102.51,34.2733125,3.773214285714286,0,1
1774883795.7779417,2026-03-30T17:16:35.777942,137.2958125,101.92,35.3758125,5.273214285714286,0,1
1774883797.6774395,2026-03-30T17:16:37.677439,136.46337499999998,102.32,34.143375,3.5964285714285715,0,1
1774883799.2088706,2026-03-30T17:16:39.208871,138.9325,103.39,35.542500000000004,5.5,0,1
1774883801.1223016,2026-03-30T17:16:41.122302,137.4578125,103.3,34.1578125,3.6160714285714284,0,1
1774883802.65848,2026-03-30T17:16:42.658480,138.6978125,103.49,35.2078125,5.044642857142857,0,1
1774883804.440641,2026-03-30T17:16:44.440641,136.02525,102.42,33.60525,2.8642857142857143,0,1
1774883806.027781,2026-03-30T17:16:46.027781,137.06799999999998,103.3,33.768,3.085714285714286,0,1
1774883807.7962856,2026-03-30T17:16:47.796286,139.2728125,102.7,36.5728125,6.901785714285714,0,1
1774883810.2109628,2026-03-30T17:16:50.210963,137.47062499999998,103.07,34.400625,3.9464285714285716,0,1
1774883811.807861,2026-03-30T17:16:51.807861,139.21168749999998,102.39999999999999,36.8116875,7.226785714285714,0,1
1774883813.7023728,2026-03-30T17:16:53.702373,137.5330625,102.11,35.4230625,5.3374999999999995,0,1
1774883816.2221262,2026-03-30T17:16:56.222126,136.5798125,102.59,33.9898125,3.3874999999999997,0,1
1774883817.845915,2026-03-30T17:16:57.845915,137.8841875,102.7,35.1841875,5.0125,0,1
1774883819.7345986,2026-03-30T17:16:59.734599,136.3336875,102.42,33.9136875,3.2839285714285715,0,1
1774883821.2660398,2026-03-30T17:17:01.266040,138.08775,102.11999999999999,35.96775,6.078571428571429,0,1
1774883823.1609833,2026-03-30T17:17:03.160983,136.71574999999999,103.1,33.61575,2.8785714285714286,0,1
1774883824.7003856,2026-03-30T17:17:04.700386,138.0301875,102.72,35.3101875,5.183928571428572,0,1
1774883826.5012207,2026-03-30T17:17:06.501221,136.572,102.50999999999999,34.062,3.4857142857142853,0,1
1774883828.0462348,2026-03-30T17:17:08.046235,140.2346875,104.83,35.4046875,5.3125,0,1
1774883829.5908084,2026-03-30T17:17:09.590808,136.6635625,102.49000000000001,34.1735625,3.6374999999999997,0,1
1774883831.241717,2026-03-30T17:17:11.241717,136.7509375,102.78999999999999,33.9609375,3.3482142857142856,0,1
1774883832.8512805,2026-03-30T17:17:12.851280,137.35675,101.83,35.52675,5.478571428571429,0,1
1774883834.5237381,2026-03-30T17:17:14.523738,136.51081250000001,102.71000000000001,33.8008125,3.130357142857143,0,1
1774883836.0290534,2026-03-30T17:17:16.029053,138.42643750000002,102.67,35.756437500000004,5.791071428571429,0,1
1774883837.816554,2026-03-30T17:17:17.816554,136.6140625,102.22,34.3940625,3.9375,0,1
1774883839.4222069,2026-03-30T17:17:19.422207,137.0698125,102.03,35.0398125,4.816071428571428,0,1
1774883841.3521118,2026-03-30T17:17:21.352112,136.6911875,102.41,34.2811875,3.7839285714285715,0,1
1774883842.8573346,2026-03-30T17:17:22.857335,138.14306249999998,102.3,35.8430625,5.908928571428571,0,1
1774883844.7786689,2026-03-30T17:17:24.778669,136.665125,102.8,33.865125,3.2178571428571425,0,1
1774883846.2849689,2026-03-30T17:17:26.284969,139.8375625,102.22,37.6175625,8.323214285714286,0,1
1774883848.1463456,2026-03-30T17:17:28.146346,137.36025,102.81,34.55025,4.15,0,1
1774883849.7141767,2026-03-30T17:17:29.714177,140.1869375,104.84,35.3469375,5.233928571428572,0,1
1774883851.571996,2026-03-30T17:17:31.571996,135.93993749999998,102.21,33.7299375,3.0339285714285715,0,1
1774883853.088274,2026-03-30T17:17:33.088274,140.706,104.46,36.245999999999995,6.457142857142856,0,1
1774883854.9043725,2026-03-30T17:17:34.904372,136.47787499999998,102.03,34.447874999999996,4.010714285714285,0,1
1774883856.4563665,2026-03-30T17:17:36.456367,137.7036875,101.9,35.8036875,5.855357142857143,0,1
1774883858.3460274,2026-03-30T17:17:38.346027,136.91925,102.60000000000001,34.31925,3.835714285714286,0,1
1774883859.8794684,2026-03-30T17:17:39.879468,139.70637499999998,102.77,36.936375,7.396428571428571,0,1
1774883861.7047708,2026-03-30T17:17:41.704771,135.610375,101.53,34.080375000000004,3.5107142857142857,0,1
1774883863.257308,2026-03-30T17:17:43.257308,138.056125,102.7,35.356125,5.246428571428572,0,1
1774883865.1296284,2026-03-30T17:17:45.129628,137.5389375,102.99,34.5489375,4.148214285714286,0,1
1774883866.69039,2026-03-30T17:17:46.690390,137.4934375,101.8,35.6934375,5.705357142857143,0,1
1774883868.5425448,2026-03-30T17:17:48.542545,137.874875,102.23,35.644875,5.639285714285714,0,1
1774883871.041931,2026-03-30T17:17:51.041931,137.32106249999998,102.99,34.3310625,3.851785714285714,0,1
1774883872.6488888,2026-03-30T17:17:52.648889,138.5309375,102.89,35.6409375,5.633928571428571,0,1
1774883874.4780607,2026-03-30T17:17:54.478061,138.082125,102.39,35.692125,5.703571428571428,0,1
1774883876.9038918,2026-03-30T17:17:56.903892,136.6680625,102.61,34.0580625,3.480357142857143,0,1
1774883878.4792109,2026-03-30T17:17:58.479211,138.40975,102.61,35.79975,5.85,0,1
1774883880.3823903,2026-03-30T17:18:00.382390,137.3423125,102.88,34.4623125,4.0303571428571425,0,1
1774883881.9298165,2026-03-30T17:18:01.929816,137.6698125,102.21000000000001,35.4598125,5.3875,0,1
1774883883.8544579,2026-03-30T17:18:03.854458,136.4925,102.21,34.2825,3.7857142857142856,0,1
1774883885.51451,2026-03-30T17:18:05.514510,137.2603125,102.21,35.050312500000004,4.830357142857143,0,1
1774883887.2751403,2026-03-30T17:18:07.275140,138.633625,102.7,35.933625,6.0321428571428575,0,1
1774883889.6411536,2026-03-30T17:18:09.641154,137.23025,103.1,34.130250000000004,3.5785714285714287,0,1
1774883891.179583,2026-03-30T17:18:11.179583,138.919125,102.45,36.469125,6.760714285714286,0,1
1774883893.0384557,2026-03-30T17:18:13.038456,136.14525,102.33,33.81525,3.15,0,1
1774883894.6034398,2026-03-30T17:18:14.603440,135.725,102.02,33.705,3.0,0,1
1774883896.2842302,2026-03-30T17:18:16.284230,137.607125,102.86,34.747125,4.417857142857143,0,1
1774883897.9512155,2026-03-30T17:18:17.951216,136.353375,102.42,33.933375,3.310714285714286,0,1
1774883899.3957736,2026-03-30T17:18:19.395774,138.035375,102.59,35.445375,5.367857142857143,1,1
1774883901.2781184,2026-03-30T17:18:21.278118,138.01475,104.0,34.01475,3.4214285714285713,0,1
1774883902.7729762,2026-03-30T17:18:22.772976,138.3905625,102.6,35.7905625,5.8374999999999995,0,1
1774883904.6478264,2026-03-30T17:18:24.647826,136.468875,102.42,34.048875,3.4678571428571425,0,1
1774883906.181996,2026-03-30T17:18:26.181996,138.544625,103.01,35.534625,5.489285714285714,0,1
1774883908.072562,2026-03-30T17:18:28.072562,137.50400000000002,102.98,34.524,4.114285714285715,0,1
1774883909.6633956,2026-03-30T17:18:29.663396,138.327125,102.74,35.587125,5.560714285714285,0,1
1774883911.5088873,2026-03-30T17:18:31.508887,136.627625,102.5,34.127625,3.5749999999999997,0,1
1774883913.10148,2026-03-30T17:18:33.101480,138.3146875,102.7,35.6146875,5.598214285714286,0,1
1774883914.9159024,2026-03-30T17:18:34.915902,136.42000000000002,102.4,34.019999999999996,3.4285714285714284,0,1
1774883916.5052345,2026-03-30T17:18:36.505234,138.438625,102.61,35.828625,5.889285714285714,0,1
1774883918.3413017,2026-03-30T17:18:38.341302,137.037625,102.91,34.127625,3.5749999999999997,0,1
1774883919.9051256,2026-03-30T17:18:39.905126,137.7015625,102.31,35.3915625,5.294642857142857,0,1
1774883921.787435,2026-03-30T17:18:41.787435,135.95625,102.12,33.83625,3.1785714285714284,0,1
1774883923.3748996,2026-03-30T17:18:43.374900,139.0959375,102.51,36.5859375,6.919642857142857,0,1
1774883925.1703525,2026-03-30T17:18:45.170352,137.39024999999998,103.67999999999999,33.71025,3.007142857142857,0,1
1774883926.7558763,2026-03-30T17:18:46.755876,137.9129375,101.81,36.1029375,6.2625,0,1
1774883928.5642693,2026-03-30T17:18:48.564269,137.19718749999998,103.21,33.9871875,3.3839285714285716,0,1
1774883930.104919,2026-03-30T17:18:50.104919,137.77837499999998,102.69,35.088375,4.882142857142857,0,1
1774883931.9288423,2026-03-30T17:18:51.928842,136.184125,102.13,34.054125,3.475,0,1
1774883933.4833193,2026-03-30T17:18:53.483319,137.95375,102.7,35.25375,5.107142857142857,0,1
1774883935.372863,2026-03-30T17:18:55.372863,135.977,102.02,33.957,3.3428571428571425,0,1
1774883936.9463024,2026-03-30T17:18:56.946302,137.40575,102.11,35.29575,5.164285714285714,0,1
1774883938.8073251,2026-03-30T17:18:58.807325,137.20775,102.92,34.28775,3.792857142857143,0,1
1774883940.3683503,2026-03-30T17:19:00.368350,136.8589375,102.31,34.5489375,4.148214285714286,0,1
1774883942.2459295,2026-03-30T17:19:02.245929,137.6806875,102.99,34.6906875,4.3410714285714285,0,1
1774883943.8173373,2026-03-30T17:19:03.817337,137.85225,102.21,35.64225,5.635714285714285,1,1
1774883945.6485965,2026-03-30T17:19:05.648597,137.12425000000002,102.7,34.42425,3.9785714285714286,0,1
1774883947.188142,2026-03-30T17:19:07.188142,139.629875,103.67,35.959875,6.067857142857143,0,1
1774883949.1145191,2026-03-30T17:19:09.114519,138.1763125,103.21,34.9663125,4.716071428571429,0,1
1774883950.6478634,2026-03-30T17:19:10.647863,137.143,102.22,34.923,4.6571428571428575,0,1
1774883952.4649746,2026-03-30T17:19:12.464975,137.9418125,103.49,34.4518125,4.016071428571428,0,1
1774883954.0330613,2026-03-30T17:19:14.033061,138.4105625,102.2,36.2105625,6.408928571428571,1,1
1774883955.888671,2026-03-30T17:19:15.888671,138.7205,104.27,34.4505,4.014285714285714,0,1
1774883957.4162583,2026-03-30T17:19:17.416258,139.61225000000002,103.76,35.85225,5.921428571428572,0,1
1774883959.2384932,2026-03-30T17:19:19.238493,138.12937499999998,104.07,34.059375,3.482142857142857,0,1
1774883960.8132935,2026-03-30T17:19:20.813293,137.60575,102.31,35.29575,5.164285714285714,0,1
1774883962.7062457,2026-03-30T17:19:22.706246,136.83712500000001,102.51,34.327125,3.8464285714285715,0,1
1774883964.269751,2026-03-30T17:19:24.269751,138.43225,103.0,35.43225,5.3500000000000005,0,1
1774883966.1333256,2026-03-30T17:19:26.133326,136.53525,102.72,33.81525,3.15,0,1
1774883967.695014,2026-03-30T17:19:27.695014,137.2505625,102.50999999999999,34.7405625,4.4089285714285715,0,1
1774883969.5777056,2026-03-30T17:19:29.577706,136.446,102.3,34.146,3.6,0,1
1774883971.1276858,2026-03-30T17:19:31.127686,137.71493750000002,102.2,35.5149375,5.4624999999999995,0,1
1774883972.9580421,2026-03-30T17:19:32.958042,136.755,102.42,34.335,3.857142857142857,0,1
1774883974.5267413,2026-03-30T17:19:34.526741,138.2266875,102.99,35.2366875,5.083928571428571,0,1
1774883976.4400167,2026-03-30T17:19:36.440017,136.429,102.22,34.209,3.685714285714286,0,1
1774883977.9940956,2026-03-30T17:19:37.994096,138.5273125,102.49,36.0373125,6.173214285714286,0,1
1774883979.8991904,2026-03-30T17:19:39.899190,135.4765,101.53,33.9465,3.3285714285714287,0,1
1774883981.4781272,2026-03-30T17:19:41.478127,136.6405,102.4,34.2405,3.7285714285714286,0,1
1774883983.0321784,2026-03-30T17:19:43.032178,135.6630625,101.92,33.7430625,3.0517857142857143,0,1
1774883984.6445842,2026-03-30T17:19:44.644584,136.0485,101.64,34.408500000000004,3.957142857142857,0,1
1774883986.0907366,2026-03-30T17:19:46.090737,136.6805625,101.52,35.1605625,4.980357142857143,0,1
1774883987.9096491,2026-03-30T17:19:47.909649,135.648875,101.81,33.838875,3.182142857142857,0,1
1774883989.5060124,2026-03-30T17:19:49.506012,137.8824375,102.42,35.4624375,5.391071428571428,0,1
1774883991.3534863,2026-03-30T17:19:51.353486,136.1794375,102.25,33.9294375,3.305357142857143,0,1
1774883992.9457574,2026-03-30T17:19:52.945757,141.2550625,104.74000000000001,36.5150625,6.823214285714285,1,1
1774883994.7303994,2026-03-30T17:19:54.730399,136.31743749999998,102.00999999999999,34.3074375,3.819642857142857,0,1
1774883996.3265617,2026-03-30T17:19:56.326562,137.8863125,102.71,35.1763125,5.001785714285715,0,1
1774883998.2049308,2026-03-30T17:19:58.204931,137.2048125,102.9,34.3048125,3.8160714285714286,0,1
1774883999.7519734,2026-03-30T17:19:59.751973,136.866125,102.35,34.516125,4.103571428571429,0,1
1774884001.557802,2026-03-30T17:20:01.557802,136.76912499999997,102.39999999999999,34.369125,3.9035714285714285,0,1
1774884003.1141384,2026-03-30T17:20:03.114138,137.58212500000002,102.31,35.272125,5.132142857142857,0,1
1774884004.9286823,2026-03-30T17:20:04.928682,138.858125,102.62,36.238125,6.446428571428571,0,1
1774884007.2606754,2026-03-30T17:20:07.260675,139.008125,104.87,34.138125,3.5892857142857144,0,1
1774884008.8200433,2026-03-30T17:20:08.820043,137.6979375,102.12,35.5779375,5.548214285714286,0,1
1774884010.7454429,2026-03-30T17:20:10.745443,136.696375,102.28,34.416375,3.9678571428571425,0,1
1774884012.2769206,2026-03-30T17:20:12.276921,139.39375,102.88,36.51375,6.821428571428571,0,1
1774884014.0912433,2026-03-30T17:20:14.091243,135.8780625,101.82000000000001,34.0580625,3.480357142857143,0,1
1774884015.642746,2026-03-30T17:20:15.642746,137.9015,102.59,35.3115,5.185714285714285,0,1
1774884017.499188,2026-03-30T17:20:17.499188,136.5795625,102.7,33.8795625,3.2375000000000003,0,1
1774884019.0346324,2026-03-30T17:20:19.034632,137.7391875,102.03,35.7091875,5.726785714285714,0,1
1774884020.9148655,2026-03-30T17:20:20.914865,136.2768125,102.35,33.9268125,3.3017857142857143,0,1
1774884022.4735348,2026-03-30T17:20:22.473535,136.641375,103.59,33.051375,2.1107142857142858,0,1
1774884024.1874244,2026-03-30T17:20:24.187424,137.796875,102.11,35.686875,5.696428571428571,0,1
1774884025.8923898,2026-03-30T17:20:25.892390,135.9883125,102.03,33.9583125,3.3446428571428575,0,1
1774884027.3311598,2026-03-30T17:20:27.331160,137.4899375,102.5,34.989937499999996,4.748214285714285,0,1
1774884029.1454668,2026-03-30T17:20:29.145467,136.19675,101.92999999999999,34.26675,3.764285714285714,0,1
1774884030.717557,2026-03-30T17:20:30.717557,138.48075,102.03,36.45075,6.735714285714286,0,1
1774884032.5544288,2026-03-30T17:20:32.554429,137.605375,103.42,34.185375,3.6535714285714285,0,1
1774884034.1116517,2026-03-30T17:20:34.111652,137.909,102.02,35.888999999999996,5.971428571428571,0,1
1774884035.984264,2026-03-30T17:20:35.984264,136.5806875,102.31,34.2706875,3.769642857142857,0,1
1774884037.50945,2026-03-30T17:20:37.509450,138.0471875,102.8,35.2471875,5.098214285714286,1,1
1774884039.3462582,2026-03-30T17:20:39.346258,136.2845625,102.72,33.5645625,2.8089285714285714,0,1
1774884040.895307,2026-03-30T17:20:40.895307,138.5976875,102.5,36.0976875,6.255357142857143,0,1
1774884042.6952746,2026-03-30T17:20:42.695275,137.053625,102.8,34.253625,3.746428571428571,0,1
1774884044.2428756,2026-03-30T17:20:44.242876,138.129125,102.5,35.629125,5.617857142857143,0,1
1774884046.1506255,2026-03-30T17:20:46.150625,136.83712500000001,102.51,34.327125,3.846428571428571,0,1
1774884047.7493982,2026-03-30T17:20:47.749398,137.68475,102.62,35.064750000000004,4.8500000000000005,0,1
1774884049.611095,2026-03-30T17:20:49.611095,136.8940625,102.71,34.1840625,3.6517857142857144,0,1
1774884051.1142175,2026-03-30T17:20:51.114218,138.15575,102.02,36.13575,6.307142857142857,1,1
1774884053.0550277,2026-03-30T17:20:53.055028,137.073,103.2,33.873,3.2285714285714286,0,1
1774884054.5283906,2026-03-30T17:20:54.528391,138.4073125,102.79,35.6173125,5.601785714285714,0,1
1774884056.4840057,2026-03-30T17:20:56.484006,137.126625,103.02,34.106625,3.5464285714285713,0,1
1774884058.1858547,2026-03-30T17:20:58.185855,138.03525,102.33,35.70525,5.721428571428571,0,1
1774884059.9265196,2026-03-30T17:20:59.926520,136.40375,102.41,33.99375,3.392857142857143,0,1
1774884061.5756018,2026-03-30T17:21:01.575602,137.90687499999999,102.42999999999999,35.476875,5.410714285714286,0,1
1774884063.250823,2026-03-30T17:21:03.250823,136.94131249999998,102.71,34.2313125,3.7160714285714285,0,1
1774884064.714699,2026-03-30T17:21:04.714699,138.0874375,102.31,35.7774375,5.819642857142858,0,1
1774884066.579198,2026-03-30T17:21:06.579198,135.40687499999999,101.82,33.586875,2.8392857142857144,0,1
1774884068.0908906,2026-03-30T17:21:08.090891,137.9115,102.6,35.3115,5.185714285714285,0,1
1774884069.969644,2026-03-30T17:21:09.969644,137.1911875,102.91,34.2811875,3.7839285714285715,0,1
1774884071.5755448,2026-03-30T17:21:11.575545,138.1781875,102.7,35.478187500000004,5.4125000000000005,0,1
1774884073.4846804,2026-03-30T17:21:13.484680,136.4895625,102.4,34.0895625,3.523214285714286,0,1
1774884075.0851822,2026-03-30T17:21:15.085182,138.103875,102.69,35.413875,5.325,0,1
1774884076.9661593,2026-03-30T17:21:16.966159,136.78331250000002,102.51,34.2733125,3.7732142857142854,0,1
1774884078.5048983,2026-03-30T17:21:18.504898,136.94818750000002,102.31,34.6381875,4.269642857142857,0,1
1774884080.2892506,2026-03-30T17:21:20.289251,138.2225,102.89,35.3325,5.214285714285714,0,1
1774884082.69864,2026-03-30T17:21:22.698640,136.64,102.62,34.019999999999996,3.4285714285714284,0,1
1774884084.2525811,2026-03-30T17:21:24.252581,138.6165625,102.91,35.7065625,5.723214285714286,0,1
1774884086.0847852,2026-03-30T17:21:26.084785,139.8023125,105.34,34.4623125,4.0303571428571425,0,1
1774884087.6355786,2026-03-30T17:21:27.635579,138.531875,103.58,34.951875,4.696428571428571,0,1
1774884089.5410128,2026-03-30T17:21:29.541013,136.3749375,102.33,34.0449375,3.4625,0,1
1774884091.0921278,2026-03-30T17:21:31.092128,141.430625,104.72,36.710625,7.089285714285714,1,1
1774884092.9202244,2026-03-30T17:21:32.920224,136.41481249999998,102.11,34.3048125,3.8160714285714286,0,1
1774884094.4753861,2026-03-30T17:21:34.475386,139.95881250000002,103.68,36.2788125,6.501785714285715,0,1
1774884096.324256,2026-03-30T17:21:36.324256,137.1160625,102.68,34.4360625,3.994642857142857,0,1
1774884097.8641853,2026-03-30T17:21:37.864185,136.91218750000002,102.61,34.3021875,3.8125,0,1
1774884099.6902232,2026-03-30T17:21:39.690223,136.76387499999998,102.61,34.153875,3.6107142857142853,0,1
1774884101.2486165,2026-03-30T17:21:41.248616,138.6699375,102.21,36.4599375,6.748214285714286,0,1
1774884103.1058538,2026-03-30T17:21:43.105854,138.9763125,104.85,34.1263125,3.5732142857142857,0,1
1774884104.722139,2026-03-30T17:21:44.722139,136.538125,102.19,34.348125,3.875,0,1
1774884106.5367806,2026-03-30T17:21:46.536781,138.549125,102.71000000000001,35.839125,5.903571428571429,0,1
1774884108.9106865,2026-03-30T17:21:48.910686,136.9984375,103.09,33.9084375,3.2767857142857144,0,1
1774884110.4749644,2026-03-30T17:21:50.474964,137.1755,102.2,34.9755,4.728571428571429,0,1
1774884112.3565273,2026-03-30T17:21:52.356527,135.8396875,102.22,33.6196875,2.8839285714285716,0,1
1774884113.9625292,2026-03-30T17:21:53.962529,137.53856249999998,102.21,35.3285625,5.208928571428571,0,1
1774884115.9665165,2026-03-30T17:21:55.966516,137.47006249999998,102.32,35.150062500000004,4.966071428571429,0,1
1774884118.3581007,2026-03-30T17:21:58.358101,136.1208125,102.11,34.0108125,3.416071428571428,0,1
1774884119.901451,2026-03-30T17:21:59.901451,138.1635,102.81,35.3535,5.242857142857143,0,1
1774884121.7249126,2026-03-30T17:22:01.724913,136.77325,103.0,33.77325,3.0928571428571425,0,1
1774884123.325121,2026-03-30T17:22:03.325121,139.12118750000002,103.37,35.7511875,5.783928571428571,0,1
1774884125.1585119,2026-03-30T17:22:05.158512,138.60956249999998,102.63,35.9795625,6.0946428571428575,0,1
1774884127.5876641,2026-03-30T17:22:07.587664,136.415375,101.81,34.605375,4.225,0,1
1774884129.1150906,2026-03-30T17:22:09.115091,138.86374999999998,103.19,35.67375,5.678571428571429,1,1
1774884131.001466,2026-03-30T17:22:11.001466,136.406875,102.19,34.216875,3.6964285714285716,0,1
1774884132.4908335,2026-03-30T17:22:12.490834,138.2074375,102.00999999999999,36.1974375,6.391071428571428,1,1
1774884134.3217301,2026-03-30T17:22:14.321730,137.5389375,103.2,34.3389375,3.8625,0,1
1774884135.8312418,2026-03-30T17:22:15.831242,140.0515,103.48,36.5715,6.8999999999999995,0,1
1774884137.6988926,2026-03-30T17:22:17.698893,135.7673125,101.83,33.9373125,3.3160714285714286,0,1
1774884139.3083503,2026-03-30T17:22:19.308350,136.336875,102.33,34.006875,3.4107142857142856,0,1
1774884141.1202242,2026-03-30T17:22:21.120224,136.60287499999998,102.47,34.132875,3.582142857142857,0,1
1774884142.694045,2026-03-30T17:22:22.694045,136.1244375,102.3,33.8244375,3.1625000000000005,0,1
1774884144.2436528,2026-03-30T17:22:24.243653,135.88206250000002,101.53,34.3520625,3.880357142857143,0,1
1774884145.954168,2026-03-30T17:22:25.954168,139.20293750000002,102.89,36.312937500000004,6.548214285714286,0,1
1774884147.792145,2026-03-30T17:22:27.792145,138.5454375,102.6,35.9454375,6.048214285714286,0,1
1774884149.6378813,2026-03-30T17:22:29.637881,135.78325,102.22,33.56325,2.807142857142857,0,1
1774884151.149552,2026-03-30T17:22:31.149552,138.7734375,102.87,35.9034375,5.991071428571429,0,1
1774884153.046179,2026-03-30T17:22:33.046179,136.97637500000002,102.98,33.996375,3.3964285714285714,0,1
1774884154.491227,2026-03-30T17:22:34.491227,140.0504375,103.37,36.6804375,7.048214285714286,0,1
1774884156.3226511,2026-03-30T17:22:36.322651,138.9436875,102.09,36.8536875,7.283928571428571,0,1
1774884159.4868188,2026-03-30T17:22:39.486819,134.7518125,101.98,32.7718125,1.730357142857143,0,1
